,0
0,뿅
1,핍
2,쇨
3,떱
4,차
5,횻
6,캑
7,뺌
8,빗
9,눌
10,담
11,봔
12,콩
13,띨
14,펍
15,껑
16,닉
17,평
18,훑
19,륜
20,둑
21,팻
22,쩝
23,펴
24,험
25,룬
26,챠
27,밋
28,뱌
29,잭
30,못
31,횅
32,쑹
33,않
34,벳
35,워
36,흖
37,뚫
38,띕
39,런
40,섄
41,쉼
42,단
43,홈
44,펫
45,짖
46,뱁
47,콸
48,랙
49,괠
50,혜
51,윽
52,틉
53,층
54,빪
55,푼
56,케
57,튄
58,쑬
59,핀
60,픔
61,쵸
62,이
63,귀
64,귈
65,뼈
66,삣
67,젠
68,얍
69,뺘
70,겉
71,챦
72,쟁
73,큉
74,펀
75,쮜
76,깠
77,옮
78,꼰
79,읖
80,젓
81,논
82,쿡
83,읕
84,루
85,썅
86,넜
87,톳
88,몸
89,름
90,똴
91,쁨
92,링
93,뎬
94,켈
95,흔
96,꿀
97,셜
98,읜
99,섣
100,설
101,햄
102,쌨
103,침
104,국
105,림
106,쟘
107,딩
108,몲
109,싱
110,닳
111,길
112,굅
113,뉼
114,삵
115,꾹
116,랜
117,잘
118,승
119,백
120,밧
121,퀸
122,걺
123,뜨
124,벧
125,칡
126,뗑
127,텝
128,숟
129,얄
130,섟
131,젱
132,덛
133,롑
134,찼
135,딸
136,껀
137,쏟
138,니
139,쁜
140,홀
141,흣
142,곡
143,잣
144,쑤
145,짊
146,쫘
147,릍
148,깆
149,짚
150,깔
151,튀
152,듀
153,꼿
154,옘
155,펑
156,켯
157,앨
158,괌
159,걋
160,뎡
161,볘
162,셈
163,빎
164,을
165,지
166,권
167,수
168,좽
169,첩
170,본
171,뮤
172,러
173,섰
174,둔
175,밥
176,송
177,낄
178,랐
179,뇜
180,덕
181,댁
182,은
183,돗
184,낫
185,굽
186,냘
187,쌥
188,쑨
189,싻
190,랫
191,뒬
192,뷰
193,쨩
194,멉
195,눅
196,갉
197,뻑
198,꾄
199,쥣
200,명
201,욕
202,샜
203,집
204,퐁
205,늰
206,뱐
207,력
208,꺌
209,깝
210,붸
211,셴
212,딱
213,부
214,낯
215,뽕
216,틂
217,꼼
218,됫
219,륄
220,싹
221,뽀
222,쐐
223,씨
224,싫
225,죙
226,뗏
227,컥
228,딘
229,랍
230,흑
231,랄
232,짼
233,란
234,느
235,껍
236,왓
237,찧
238,븟
239,췌
240,얹
241,염
242,캤
243,덖
244,츤
245,붤
246,뜸
247,샐
248,관
249,왜
250,츈
251,딤
252,찬
253,함
254,쏙
255,쌘
256,쭸
257,뙤
258,섕
259,킵
260,뫄
261,핏
262,걷
263,슝
264,잿
265,찰
266,큅
267,젖
268,하
269,룹
270,쇽
271,잃
272,떰
273,패
274,쁑
275,뎠
276,템
277,뿟
278,옙
279,찌
280,횐
281,맸
282,닮
283,죈
284,쇠
285,틱
286,렉
287,퇴
288,뗍
289,턱
290,닯
291,탉
292,뱍
293,과
294,넓
295,쉑
296,씀
297,퀘
298,텍
299,굄
300,븝
301,쳤
302,삿
303,곯
304,혔
305,렁
306,륌
307,읏
308,젊
309,멍
310,갚
311,띔
312,더
313,춥
314,휘
315,꿨
316,쿄
317,꾜
318,흄
319,쩔
320,튁
321,당
322,묶
323,첸
324,펨
325,퓜
326,잽
327,뷩
328,쫍
329,켜
330,멓
331,천
332,트
333,강
334,투
335,블
336,왼
337,묽
338,늴
339,론
340,뇽
341,뇨
342,양
343,클
344,닌
345,뵉
346,궤
347,뽈
348,훤
349,벅
350,셕
351,돎
352,뺀
353,끽
354,뀄
355,뷜
356,넸
357,읫
358,헴
359,뀜
360,도
361,난
362,봇
363,끼
364,돝
365,곪
366,훌
367,룀
368,뺐
369,맨
370,민
371,쨈
372,팜
373,규
374,붉
375,묍
376,딕
377,록
378,좔
379,쫑
380,전
381,헵
382,셧
383,픕
384,뭄
385,촐
386,땃
387,닐
388,엇
389,욉
390,쬠
391,죗
392,딜
393,스
394,콴
395,렬
396,몫
397,쳉
398,샘
399,둘
400,섬
401,왐
402,등
403,홅
404,쓴
405,늑
406,래
407,뉨
408,뎅
409,쵯
410,퀴
411,축
412,섦
413,슁
414,댕
415,여
416,콰
417,왬
418,뇝
419,슉
420,깜
421,넴
422,듈
423,매
424,퓟
425,핵
426,엡
427,인
428,괄
429,렀
430,얼
431,탔
432,살
433,딧
434,형
435,뛴
436,쉥
437,꼇
438,멱
439,팬
440,먈
441,른
442,휀
443,얌
444,쳅
445,넋
446,탬
447,쭌
448,갈
449,요
450,섞
451,돨
452,좼
453,릴
454,틘
455,쏭
456,휫
457,쨉
458,쿤
459,캘
460,빕
461,붙
462,럿
463,솽
464,괜
465,좌
466,너
467,팅
468,꿩
469,션
470,두
471,껌
472,뭇
473,뼛
474,짤
475,낡
476,씐
477,켤
478,짢
479,펐
480,켱
481,갊
482,욋
483,참
484,쬐
485,옭
486,억
487,곁
488,옷
489,똘
490,셤
491,흙
492,츳
493,빳
494,똥
495,객
496,밀
497,캐
498,솨
499,딨
500,떨
501,묜
502,님
503,띳
504,읓
505,찍
506,짠
507,삶
508,고
509,탱
510,췬
511,뚱
512,꾸
513,끎
514,훔
515,쫙
516,틈
517,행
518,햅
519,갱
520,붊
521,씔
522,훠
523,첫
524,햐
525,쭘
526,멎
527,뵀
528,쬘
529,웹
530,뉴
531,넥
532,들
533,뗌
534,퀀
535,컨
536,쌈
537,뜅
538,벴
539,먹
540,뜁
541,쐰
542,쏀
543,낼
544,룽
545,밤
546,펩
547,뽐
548,르
549,쵠
550,뇟
551,걜
552,쌤
553,킨
554,렐
555,삥
556,웰
557,뎐
558,왱
559,량
560,컹
561,근
562,늄
563,향
564,황
565,콧
566,멋
567,만
568,밝
569,푄
570,추
571,듸
572,퀄
573,윔
574,촌
575,미
576,톨
577,곕
578,능
579,덥
580,맞
581,듬
582,회
583,륀
584,쏘
585,뎀
586,린
587,섧
588,쇤
589,폣
590,걔
591,뵐
592,든
593,윌
594,얻
595,퍼
596,얗
597,락
598,룻
599,믄
600,휸
601,읾
602,껭
603,챈
604,쥡
605,흰
606,타
607,버
608,놘
609,꽈
610,룐
611,뗄
612,졀
613,믈
614,쐴
615,쎈
616,욈
617,끅
618,날
619,꿋
620,뮷
621,땟
622,똑
623,킥
624,꼲
625,얽
626,켑
627,데
628,갬
629,잤
630,갭
631,뷘
632,뗀
633,흴
634,옵
635,별
636,숍
637,류
638,삐
639,뻬
640,벙
641,분
642,엑
643,곱
644,팰
645,뒤
646,랖
647,믹
648,술
649,슐
650,븃
651,겆
652,잴
653,뮨
654,쵭
655,쾀
656,짜
657,굿
658,긺
659,적
660,옴
661,횝
662,쟤
663,압
664,툉
665,삭
666,똬
667,얜
668,팃
669,팼
670,뺙
671,준
672,팝
673,휭
674,핑
675,었
676,굘
677,까
678,첼
679,댄
680,져
681,눔
682,깐
683,체
684,뚬
685,휩
686,큼
687,쓩
688,캅
689,볕
690,신
691,뵌
692,렇
693,픗
694,숲
695,씬
696,쯤
697,합
698,덫
699,농
700,쉈
701,븐
702,짰
703,껜
704,문
705,뭬
706,쌀
707,홴
708,띰
709,략
710,섯
711,볼
712,쭈
713,땅
714,보
715,람
716,숀
717,뭘
718,숱
719,꿰
720,상
721,읽
722,뤽
723,늘
724,홑
725,퉤
726,쩠
727,웍
728,촬
729,젝
730,컴
731,띠
732,깅
733,뻠
734,갗
735,얘
736,징
737,췻
738,겯
739,벗
740,땝
741,택
742,켁
743,랸
744,꾐
745,좇
746,쳇
747,웜
748,탸
749,졌
750,뵘
751,키
752,안
753,딴
754,튐
755,빰
756,릉
757,튤
758,역
759,시
760,한
761,귐
762,려
763,면
764,늬
765,벚
766,솖
767,밌
768,켭
769,세
770,쫀
771,싶
772,약
773,쒼
774,드
775,좀
776,샥
777,나
778,룅
779,럽
780,녁
781,왑
782,붕
783,랒
784,켠
785,윷
786,넵
787,꽥
788,뻔
789,털
790,놜
791,즉
792,듭
793,밟
794,흡
795,맺
796,롸
797,둬
798,썹
799,졸
800,믓
801,쩡
802,돠
803,흼
804,먼
805,깥
806,쾨
807,낳
808,검
809,결
810,킷
811,푹
812,컷
813,겪
814,폿
815,녘
816,웁
817,갤
818,쿨
819,렸
820,밍
821,맬
822,럼
823,셰
824,흥
825,뼝
826,됐
827,열
828,앉
829,죡
830,켰
831,획
832,쇼
833,갓
834,밭
835,샴
836,씩
837,닿
838,겸
839,졺
840,를
841,뮴
842,쇱
843,뎄
844,챌
845,했
846,첵
847,퓰
848,샨
849,쪘
850,핌
851,샤
852,쟎
853,뜀
854,궈
855,븜
856,겨
857,씌
858,굉
859,쭐
860,컸
861,젭
862,쳰
863,센
864,땀
865,벤
866,특
867,눗
868,칭
869,목
870,퍅
871,릭
872,손
873,뜻
874,새
875,뚝
876,윙
877,쒸
878,펌
879,핼
880,쥑
881,촹
882,솥
883,앵
884,테
885,궉
886,엥
887,원
888,뉜
889,촙
890,톼
891,출
892,퍄
893,뒨
894,먁
895,샷
896,놔
897,끔
898,튠
899,뵨
900,묩
901,욺
902,펼
903,때
904,렘
905,귁
906,삘
907,읍
908,금
909,혐
910,탠
911,칫
912,슴
913,뜯
914,뇻
915,잗
916,쩍
917,쿠
918,꾀
919,램
920,쟈
921,습
922,훽
923,밞
924,낏
925,럴
926,솎
927,낌
928,쐤
929,쩟
930,척
931,악
932,퀼
933,질
934,힁
935,싯
936,퇸
937,확
938,잖
939,눼
940,봬
941,누
942,간
943,뛔
944,뀨
945,듦
946,퇘
947,퓔
948,샹
949,슥
950,봐
951,왯
952,뀀
953,촁
954,머
955,굻
956,툰
957,셨
958,젯
959,텟
960,팩
961,넒
962,노
963,쵱
964,휄
965,큐
966,넉
967,줆
968,폽
969,흗
970,뚜
971,놂
972,에
973,급
974,희
975,휜
976,숌
977,빛
978,쇳
979,헉
980,브
981,쒜
982,넷
983,파
984,펭
985,쥼
986,웩
987,텬
988,훨
989,꽹
990,셌
991,얕
992,칼
993,쾅
994,쏩
995,웅
996,훙
997,빚
998,텀
999,막
1000,히
1001,챤
1002,쀼
1003,짯
1004,돕
1005,쉰
1006,줬
1007,예
1008,먕
1009,샙
1010,친
1011,낸
1012,쬡
1013,숏
1014,텔
1015,껴
1016,절
1017,찾
1018,쌜
1019,꿸
1020,뼘
1021,셔
1022,쒀
1023,품
1024,샵
1025,팀
1026,엘
1027,냥
1028,썲
1029,윱
1030,엉
1031,복
1032,벋
1033,잇
1034,렵
1035,촘
1036,된
1037,갖
1038,물
1039,통
1040,뙨
1041,로
1042,뻥
1043,쇌
1044,뢸
1045,곤
1046,뜩
1047,잔
1048,섭
1049,뱄
1050,꿉
1051,쟀
1052,냈
1053,픽
1054,굳
1055,쌓
1056,증
1057,팸
1058,괬
1059,마
1060,거
1061,됨
1062,밉
1063,율
1064,폄
1065,씻
1066,땄
1067,발
1068,혤
1069,닺
1070,녀
1071,툽
1072,내
1073,팖
1074,솝
1075,묻
1076,갑
1077,넨
1078,레
1079,튈
1080,묾
1081,땠
1082,푠
1083,턍
1084,푿
1085,탤
1086,실
1087,몽
1088,륑
1089,녑
1090,헥
1091,딪
1092,덤
1093,죄
1094,으
1095,쓿
1096,퐈
1097,훈
1098,뇌
1099,힉
1100,사
1101,냑
1102,쐼
1103,놀
1104,뇐
1105,뭏
1106,혹
1107,왔
1108,팎
1109,웬
1110,깰
1111,끈
1112,졔
1113,헐
1114,뉠
1115,잡
1116,넌
1117,킁
1118,댑
1119,같
1120,맴
1121,륙
1122,묫
1123,혼
1124,즙
1125,책
1126,짱
1127,뺏
1128,삳
1129,뱃
1130,꽉
1131,댔
1132,깎
1133,땡
1134,엎
1135,캬
1136,멂
1137,탐
1138,엠
1139,쾰
1140,곰
1141,환
1142,쌌
1143,좃
1144,폭
1145,뀌
1146,밂
1147,높
1148,글
1149,뭣
1150,쨋
1151,튬
1152,귓
1153,퍽
1154,젬
1155,슛
1156,홋
1157,닢
1158,빈
1159,힝
1160,덧
1161,낭
1162,홉
1163,없
1164,큔
1165,헤
1166,즌
1167,껼
1168,뺄
1169,삼
1170,갼
1171,활
1172,팁
1173,헌
1174,장
1175,맏
1176,촉
1177,족
1178,퉜
1179,욀
1180,캥
1181,탓
1182,핥
1183,똔
1184,있
1185,큰
1186,괸
1187,띈
1188,퀵
1189,엶
1190,심
1191,횬
1192,띱
1193,멀
1194,씜
1195,즛
1196,칵
1197,횔
1198,덴
1199,콤
1200,충
1201,쑈
1202,텁
1203,폼
1204,쿱
1205,옹
1206,틥
1207,넘
1208,쁩
1209,읊
1210,풔
1211,옐
1212,댜
1213,괍
1214,뻐
1215,낍
1216,격
1217,땋
1218,쯧
1219,넛
1220,무
1221,씸
1222,퓸
1223,듐
1224,멈
1225,혈
1226,낟
1227,웡
1228,쩨
1229,힘
1230,쥐
1231,욘
1232,둠
1233,벎
1234,뒵
1235,붜
1236,뀁
1237,궜
1238,묄
1239,펜
1240,뺍
1241,벵
1242,쐬
1243,냉
1244,렷
1245,힛
1246,쑵
1247,뼁
1248,툭
1249,힌
1250,값
1251,쟬
1252,샀
1253,눕
1254,삠
1255,쩌
1256,벼
1257,독
1258,넙
1259,퓽
1260,쯩
1261,톄
1262,꽃
1263,며
1264,밈
1265,퓌
1266,옥
1267,묏
1268,끝
1269,납
1270,료
1271,꽝
1272,왈
1273,음
1274,써
1275,서
1276,쓺
1277,닛
1278,오
1279,틜
1280,겡
1281,펄
1282,돤
1283,캄
1284,성
1285,녹
1286,눈
1287,직
1288,숴
1289,돌
1290,생
1291,온
1292,둡
1293,쵤
1294,잼
1295,볐
1296,줍
1297,훰
1298,팥
1299,쓱
1300,좋
1301,쏸
1302,툼
1303,궐
1304,쌍
1305,깊
1306,뗐
1307,텅
1308,움
1309,총
1310,즐
1311,슷
1312,컬
1313,깍
1314,영
1315,랩
1316,갹
1317,쬔
1318,엄
1319,헛
1320,갠
1321,헝
1322,뼉
1323,칸
1324,쎌
1325,얩
1326,쬈
1327,야
1328,변
1329,쟉
1330,판
1331,남
1332,얇
1333,월
1334,랏
1335,줘
1336,가
1337,왁
1338,쫏
1339,갯
1340,텡
1341,쿳
1342,늦
1343,푸
1344,숫
1345,츰
1346,업
1347,뻤
1348,꺼
1349,듣
1350,읨
1351,낱
1352,뫼
1353,빵
1354,풉
1355,냅
1356,톰
1357,덟
1358,옇
1359,짧
1360,녔
1361,뵈
1362,푤
1363,캡
1364,육
1365,곽
1366,긔
1367,번
1368,뱝
1369,꽜
1370,툇
1371,박
1372,익
1373,툐
1374,죽
1375,깃
1376,령
1377,왝
1378,욱
1379,챙
1380,욜
1381,뱉
1382,엷
1383,덱
1384,돼
1385,숯
1386,륭
1387,챗
1388,꿍
1389,쿼
1390,츱
1391,렛
1392,멤
1393,끌
1394,쏵
1395,랴
1396,쩜
1397,괆
1398,굣
1399,붑
1400,겜
1401,괭
1402,땁
1403,됩
1404,치
1405,싣
1406,잦
1407,깽
1408,엿
1409,껸
1410,썼
1411,퀭
1412,빔
1413,릿
1414,티
1415,뿍
1416,볏
1417,완
1418,턺
1419,묠
1420,종
1421,혀
1422,췰
1423,묑
1424,켓
1425,읒
1426,곗
1427,숄
1428,십
1429,쥔
1430,의
1431,학
1432,쭙
1433,앓
1434,윗
1435,쪼
1436,퓐
1437,빻
1438,콕
1439,웨
1440,튕
1441,웝
1442,캠
1443,뫙
1444,꺾
1445,팡
1446,쥘
1447,줅
1448,슬
1449,릎
1450,룸
1451,췸
1452,벌
1453,껨
1454,깨
1455,쥰
1456,옻
1457,썽
1458,칩
1459,쐈
1460,걍
1461,낮
1462,죔
1463,굴
1464,속
1465,꺽
1466,쯔
1467,롼
1468,윅
1469,짇
1470,펙
1471,찹
1472,콥
1473,처
1474,쫴
1475,극
1476,붰
1477,구
1478,렙
1479,솬
1480,츨
1481,돈
1482,릅
1483,녈
1484,뢍
1485,쳄
1486,뎨
1487,톡
1488,롬
1489,꽐
1490,뛰
1491,봤
1492,잚
1493,쮸
1494,냄
1495,던
1496,횰
1497,푀
1498,흽
1499,빴
1500,항
1501,휼
1502,푭
1503,휑
1504,쎄
1505,델
1506,께
1507,톱
1508,뗘
1509,뜹
1510,눴
1511,얀
1512,할
1513,혓
1514,틸
1515,왕
1516,뇔
1517,붓
1518,떠
1519,귑
1520,꼽
1521,졈
1522,겁
1523,늠
1524,융
1525,년
1526,뻘
1527,뢰
1528,중
1529,땐
1530,괼
1531,뿌
1532,경
1533,샅
1534,쫠
1535,많
1536,삽
1537,쉴
1538,뱀
1539,뀝
1540,뽁
1541,슘
1542,되
1543,뻣
1544,툴
1545,뎁
1546,흘
1547,샛
1548,뮈
1549,삑
1550,겹
1551,났
1552,믿
1553,몇
1554,쓸
1555,용
1556,휙
1557,쪄
1558,앎
1559,닝
1560,쉠
1561,꾼
1562,뭍
1563,캉
1564,쩽
1565,벽
1566,륫
1567,껫
1568,뽄
1569,팹
1570,옌
1571,떡
1572,츔
1573,겊
1574,갔
1575,밗
1576,디
1577,굇
1578,입
1579,쨌
1580,툿
1581,췹
1582,접
1583,몰
1584,뮌
1585,옆
1586,륵
1587,틀
1588,팟
1589,계
1590,코
1591,댓
1592,싼
1593,몌
1594,큘
1595,밸
1596,썸
1597,비
1598,련
1599,롱
1600,받
1601,쥠
1602,떼
1603,뒹
1604,챨
1605,큽
1606,켄
1607,뒝
1608,씰
1609,뇬
1610,둥
1611,튱
1612,윈
1613,저
1614,쑴
1615,욹
1616,병
1617,냐
1618,짝
1619,옛
1620,픈
1621,췽
1622,쉿
1623,앰
1624,앞
1625,깖
1626,맵
1627,힙
1628,킹
1629,뭅
1630,슭
1631,외
1632,애
1633,토
1634,땔
1635,욥
1636,찢
1637,좡
1638,솰
1639,놓
1640,쟐
1641,탯
1642,넝
1643,숑
1644,쉬
1645,햇
1646,롄
1647,줄
1648,캣
1649,걸
1650,눙
1651,렝
1652,녠
1653,텄
1654,낚
1655,렴
1656,기
1657,깁
1658,앴
1659,챰
1660,잠
1661,앳
1662,윰
1663,떤
1664,라
1665,뷸
1666,팽
1667,빠
1668,낵
1669,삯
1670,맒
1671,순
1672,헒
1673,찐
1674,띄
1675,뵤
1676,뿔
1677,둣
1678,솅
1679,쏨
1680,읠
1681,뭔
1682,먀
1683,쓰
1684,엌
1685,쭤
1686,콜
1687,닻
1688,섈
1689,닥
1690,유
1691,쐽
1692,갇
1693,쫌
1694,일
1695,봄
1696,될
1697,윳
1698,휵
1699,놋
1700,철
1701,북
1702,립
1703,끄
1704,긋
1705,풍
1706,닫
1707,터
1708,쵬
1709,옜
1710,달
1711,턴
1712,찝
1713,허
1714,톈
1715,켸
1716,색
1717,큭
1718,텼
1719,흩
1720,츄
1721,뫈
1722,뿜
1723,잊
1724,청
1725,웠
1726,옅
1727,찜
1728,갰
1729,읗
1730,퇀
1731,뉵
1732,촨
1733,썬
1734,닷
1735,굵
1736,긷
1737,식
1738,캇
1739,꺅
1740,폐
1741,좁
1742,돛
1743,광
1744,깻
1745,맡
1746,횡
1747,짙
1748,룟
1749,졉
1750,몃
1751,쾡
1752,것
1753,낀
1754,쨀
1755,쪽
1756,띤
1757,맘
1758,윤
1759,뎃
1760,쨘
1761,낢
1762,짹
1763,즘
1764,덞
1765,깡
1766,듕
1767,췐
1768,널
1769,초
1770,죤
1771,돐
1772,뼙
1773,어
1774,훅
1775,텐
1776,쁘
1777,맣
1778,롯
1779,벡
1780,웽
1781,및
1782,편
1783,섹
1784,겻
1785,맛
1786,좍
1787,칟
1788,죵
1789,깟
1790,진
1791,떴
1792,벨
1793,붚
1794,작
1795,틔
1796,뤼
1797,꿈
1798,첨
1799,굼
1800,톺
1801,네
1802,봉
1803,젤
1804,퉁
1805,탈
1806,휴
1807,착
1808,풋
1809,삡
1810,룔
1811,헬
1812,뫘
1813,쳐
1814,궝
1815,군
1816,쇄
1817,깹
1818,멥
1819,죠
1820,큠
1821,헷
1822,겝
1823,뿐
1824,씹
1825,앙
1826,짓
1827,감
1828,엽
1829,츌
1830,엮
1831,뭐
1832,훵
1833,껐
1834,밑
1835,띌
1836,겟
1837,괵
1838,뤄
1839,휠
1840,쉭
1841,퐝
1842,흇
1843,임
1844,옳
1845,늅
1846,엔
1847,텨
1848,캭
1849,협
1850,좨
1851,꼴
1852,럇
1853,맙
1854,쏜
1855,긍
1856,뢴
1857,멕
1858,뷴
1859,균
1860,츠
1861,꿔
1862,늪
1863,배
1864,홍
1865,겼
1866,았
1867,뀐
1868,건
1869,튼
1870,뽑
1871,홧
1872,쉔
1873,뇰
1874,썰
1875,귄
1876,힐
1877,볜
1878,뒈
1879,쿰
1880,운
1881,째
1882,솜
1883,닙
1884,밴
1885,폈
1886,챘
1887,뢨
1888,뱅
1889,올
1890,틤
1891,곶
1892,떪
1893,개
1894,콘
1895,볍
1896,엊
1897,뒷
1898,떵
1899,불
1900,홰
1901,룁
1902,껏
1903,웃
1904,륨
1905,펏
1906,걘
1907,괴
1908,륏
1909,퓨
1910,호
1911,후
1912,뀔
1913,페
1914,쏴
1915,멧
1916,뇩
1917,자
1918,킬
1919,꽁
1920,괩
1921,덩
1922,땍
1923,끓
1924,튜
1925,쳬
1926,범
1927,잰
1928,왠
1929,선
1930,젼
1931,랑
1932,풂
1933,뭡
1934,붐
1935,알
1936,프
1937,촤
1938,댐
1939,펠
1940,좆
1941,틋
1942,떽
1943,찮
1944,곌
1945,섶
1946,톤
1947,맥
1948,주
1949,헹
1950,쌉
1951,깬
1952,캔
1953,풀
1954,쿵
1955,돔
1956,재
1957,쇰
1958,앗
1959,쇔
1960,랠
1961,깩
1962,앝
1963,탄
1964,쭹
1965,잎
1966,롤
1967,공
1968,솩
1969,랗
1970,졍
1971,탭
1972,쥬
1973,앍
1974,첬
1975,폡
1976,쉘
1977,언
1978,짭
1979,뤘
1980,챵
1981,앱
1982,듄
1983,큇
1984,횹
1985,믐
1986,겐
1987,빌
1988,끕
1989,셋
1990,꿎
1991,풩
1992,솔
1993,응
1994,얾
1995,죌
1996,룩
1997,효
1998,눋
1999,넣
2000,갸
2001,뤠
2002,줴
2003,홱
2004,플
2005,륩
2006,췄
2007,릊
2008,뻗
2009,룃
2010,벰
2011,좝
2012,팔
2013,모
2014,대
2015,늙
2016,컫
2017,혭
2018,즈
2019,견
2020,굔
2021,끗
2022,셸
2023,팍
2024,닭
2025,찔
2026,표
2027,늣
2028,짐
2029,횟
2030,뒀
2031,횃
2032,꾈
2033,맹
2034,끙
2035,빡
2036,피
2037,삔
2038,따
2039,망
2040,왹
2041,늚
2042,댈
2043,얠
2044,폴
2045,김
2046,떫
2047,욧
2048,쒔
2049,빨
2050,놨
2051,쟝
2052,닦
2053,산
2054,샬
2055,긴
2056,뼜
2057,놉
2058,붇
2059,였
2060,쭝
2061,뺨
2062,쟌
2063,랬
2064,꼬
2065,탁
2066,셩
2067,교
2068,됴
2069,쫓
2070,푯
2071,죕
2072,뚤
2073,섀
2074,측
2075,쇗
2076,폅
2077,긱
2078,냠
2079,몹
2080,숨
2081,꿴
2082,뺑
2083,멨
2084,쁠
2085,퉈
2086,켕
2087,조
2088,갛
2089,쫬
2090,덮
2091,춈
2092,얏
2093,뚠
2094,텃
2095,태
2096,아
2097,걀
2098,퓬
2099,쌔
2100,낑
2101,븍
2102,춤
2103,쳔
2104,골
2105,뮐
2106,폰
2107,울
2108,꾕
2109,칠
2110,돋
2111,필
2112,꼍
2113,곧
2114,벱
2115,흐
2116,녕
2117,멩
2118,뗬
2119,틴
2120,껄
2121,꿜
2122,쑥
2123,존
2124,그
2125,맷
2126,떳
2127,듯
2128,욍
2129,씁
2130,커
2131,딛
2132,쾌
2133,늡
2134,킴
2135,줏
2136,핸
2137,땜
2138,쨔
2139,방
2140,릇
2141,쇘
2142,화
2143,괏
2144,슈
2145,뎌
2146,곈
2147,빤
2148,봅
2149,쥴
2150,쏢
2151,슨
2152,낙
2153,튑
2154,게
2155,껙
2156,휨
2157,꽂
2158,럭
2159,동
2160,멘
2161,셀
2162,뾔
2163,뛸
2164,빙
2165,쨍
2166,현
2167,빱
2168,해
2169,답
2170,석
2171,눠
2172,꿱
2173,리
2174,짬
2175,겠
2176,엾
2177,녜
2178,꾑
2179,딥
2180,쏠
2181,쭁
2182,헙
2183,켐
2184,묘
2185,숭
2186,귤
2187,꺄
2188,숙
2189,냇
2190,묵
2191,최
2192,숩
2193,끊
2194,윕
2195,퀑
2196,흠
2197,빼
2198,말
2199,뎔
2200,줌
2201,읔
2202,띵
2203,궁
2204,연
2205,꼐
2206,넹
2207,채
2208,뉘
2209,닒
2210,법
2211,몬
2212,씽
2213,뷔
2214,덜
2215,창
2216,꿇
2217,넬
2218,찻
2219,놈
2220,셍
2221,바
2222,닸
2223,뜰
2224,뜬
2225,쌩
2226,뮬
2227,념
2228,뿡
2229,는
2230,늉
2231,룡
2232,뭉
2233,궂
2234,켬
2235,웸
2236,섐
2237,쉐
2238,암
2239,롭
2240,튿
2241,혠
2242,렌
2243,꼈
2244,촛
2245,떻
2246,뙈
2247,볶
2248,훗
2249,밖
2250,싸
2251,잉
2252,정
2253,빽
2254,핫
2255,샌
2256,뇹
2257,카
2258,춰
2259,룰
2260,취
2261,궷
2262,탕
2263,븅
2264,긁
2265,묀
2266,귿
2267,쟨
2268,소
2269,훼
2270,찡
2271,챔
2272,률
2273,다
2274,뵙
2275,컁
2276,탑
2277,곬
2278,몄
2279,반
2280,흉
2281,괘
2282,꼭
2283,쫄
2284,칙
2285,또
2286,멜
2287,겋
2288,룝
2289,례
2290,팠
2291,우
2292,멸
2293,각
2294,뉩
2295,혁
2296,챕
2297,맑
2298,뷕
2299,겄
2300,제
2301,랭
2302,빅
2303,엣
2304,므
2305,액
2306,쩐
2307,썩
2308,탰
2309,솟
2310,베
2311,위
2312,셉
2313,메
2314,쭉
2315,겔
2316,크
2317,굡
2318,븀
2319,롓
2320,쉽
2321,옰
2322,폘
2323,와
2324,츙
2325,걱
2326,퓻
2327,굶
2328,큄
2329,뾰
2330,쌕
2331,좟
2332,득
2333,춧
2334,겅
2335,쇈
2336,깼
2337,앤
2338,포
2339,냔
2340,셥
2341,컵
2342,꽤
2343,춘
2344,깸
2345,욤
2346,헨
2347,점
2348,곳
2349,콱
